Datetime,Open,High,Low,Close,Volume,Dividends,Stock Splits
2026-03-04 00:00:00+00:00,68317.765625,68397.90625,67934.5078125,68185.59375,0,0.0,0.0
2026-03-04 01:00:00+00:00,68120.4921875,68881.15625,68003.03125,68423.7578125,1048698880,0.0,0.0
2026-03-04 02:00:00+00:00,68417.7890625,68417.7890625,68030.9375,68309.296875,0,0.0,0.0
2026-03-04 03:00:00+00:00,68316.03125,68326.6796875,67449.2734375,67669.0625,1025560576,0.0,0.0
2026-03-04 04:00:00+00:00,67778.3828125,67911.5859375,67496.234375,67811.9609375,419692544,0.0,0.0
2026-03-04 05:00:00+00:00,67813.625,68357.0546875,67732.5234375,68270.9296875,0,0.0,0.0
2026-03-04 06:00:00+00:00,68209.109375,68650.125,68099.5859375,68486.2421875,1144762368,0.0,0.0
2026-03-04 07:00:00+00:00,68513.90625,69556.46875,68390.5390625,69556.46875,831889408,0.0,0.0
2026-03-04 08:00:00+00:00,69513.703125,71028.4296875,69193.3671875,71028.4296875,2991038464,0.0,0.0
2026-03-04 09:00:00+00:00,71002.8828125,71856.53125,70788.203125,71472.7109375,3960590336,0.0,0.0
2026-03-04 10:00:00+00:00,71472.7109375,71812.625,71219.5390625,71260.1640625,1820475392,0.0,0.0
2026-03-04 11:00:00+00:00,71297.5859375,71439.3125,70952.9375,71131.1171875,431890432,0.0,0.0
2026-03-04 12:00:00+00:00,71115.9140625,71339.9921875,70634.0859375,71339.9921875,678121472,0.0,0.0
2026-03-04 13:00:00+00:00,71340.7265625,71594.09375,71247.890625,71486.8828125,1226080256,0.0,0.0
2026-03-04 14:00:00+00:00,71488.296875,72458.796875,71370.5390625,71628.4609375,2497908736,0.0,0.0
2026-03-04 15:00:00+00:00,71604.0390625,73245.125,71604.0390625,73245.125,2881396736,0.0,0.0
2026-03-04 16:00:00+00:00,73404.96875,73417.75,72606.3125,73410.8125,424943616,0.0,0.0
2026-03-04 17:00:00+00:00,73324.921875,73764.4453125,72999.3125,73251.6796875,1400963072,0.0,0.0
2026-03-04 18:00:00+00:00,73243.8515625,73695.265625,73004.0,73596.3359375,400482304,0.0,0.0
2026-03-04 19:00:00+00:00,73645.7421875,74041.8125,73568.6953125,73717.9375,2276098048,0.0,0.0
2026-03-04 20:00:00+00:00,73669.5703125,73674.078125,73156.828125,73156.828125,131170304,0.0,0.0
2026-03-04 21:00:00+00:00,73110.6328125,73330.890625,72915.9296875,73318.4609375,1153753088,0.0,0.0
2026-03-04 22:00:00+00:00,73334.5234375,73524.5,72665.984375,72755.4453125,196395008,0.0,0.0
2026-03-04 23:00:00+00:00,72710.6875,72829.3203125,72336.9921875,72670.125,1046552576,0.0,0.0
2026-03-05 00:00:00+00:00,72729.2734375,72990.6015625,72574.9609375,72822.90625,0,0.0,0.0
2026-03-05 01:00:00+00:00,72815.109375,73261.5859375,72462.2578125,72492.8828125,162013184,0.0,0.0
2026-03-05 02:00:00+00:00,72530.8984375,72858.359375,72368.5546875,72449.1015625,150396928,0.0,0.0
2026-03-05 03:00:00+00:00,72510.953125,72735.3046875,72373.5625,72513.1328125,0,0.0,0.0
2026-03-05 04:00:00+00:00,72502.0625,73056.2578125,72478.2578125,72823.25,0,0.0,0.0
2026-03-05 05:00:00+00:00,72847.9296875,72887.84375,72287.265625,72287.265625,578125824,0.0,0.0
2026-03-05 06:00:00+00:00,72412.0390625,72642.375,72066.6953125,72560.7109375,252207104,0.0,0.0
2026-03-05 07:00:00+00:00,72560.75,72660.1171875,71833.234375,71994.4453125,0,0.0,0.0
2026-03-05 08:00:00+00:00,72075.7265625,72374.171875,71794.0078125,72374.171875,0,0.0,0.0
2026-03-05 09:00:00+00:00,72350.8984375,72844.15625,72350.8984375,72599.0,0,0.0,0.0
2026-03-05 10:00:00+00:00,72595.625,73527.2890625,72585.34375,73390.0703125,0,0.0,0.0
2026-03-05 11:00:00+00:00,73415.9375,73433.3125,72822.6328125,72876.4453125,855916544,0.0,0.0
2026-03-05 12:00:00+00:00,72928.21875,73047.9296875,72700.9609375,72960.703125,0,0.0,0.0
2026-03-05 13:00:00+00:00,72925.5390625,72925.5390625,72278.421875,72484.328125,0,0.0,0.0
2026-03-05 14:00:00+00:00,72466.4453125,72711.2890625,72013.484375,72711.2890625,0,0.0,0.0
2026-03-05 15:00:00+00:00,72677.2265625,72677.2265625,71200.6796875,71481.0078125,0,0.0,0.0
2026-03-05 16:00:00+00:00,71642.875,71642.875,70829.8984375,71318.9765625,0,0.0,0.0
2026-03-05 17:00:00+00:00,71329.6015625,71569.1171875,70663.078125,70837.2890625,0,0.0,0.0
2026-03-05 18:00:00+00:00,70711.3203125,71032.828125,70711.3203125,70981.2734375,0,0.0,0.0
2026-03-05 19:00:00+00:00,70995.1015625,71337.2734375,70913.6484375,70952.4609375,0,0.0,0.0
2026-03-05 20:00:00+00:00,70945.5703125,71336.046875,70893.375,71259.5859375,0,0.0,0.0
2026-03-05 21:00:00+00:00,71248.1171875,71542.8203125,71038.296875,71139.5390625,0,0.0,0.0
2026-03-05 22:00:00+00:00,71139.7578125,71321.265625,71099.875,71246.0078125,0,0.0,0.0
2026-03-05 23:00:00+00:00,71221.84375,71273.109375,70790.78125,70790.78125,0,0.0,0.0
2026-03-06 00:00:00+00:00,70878.65625,71030.078125,70853.5625,70928.421875,0,0.0,0.0
2026-03-06 01:00:00+00:00,70938.90625,71265.875,70420.71875,71244.7890625,0,0.0,0.0
2026-03-06 02:00:00+00:00,71254.7265625,71357.8671875,71104.6875,71211.6015625,161177600,0.0,0.0
2026-03-06 03:00:00+00:00,71233.1953125,71254.0078125,71029.078125,71074.9140625,0,0.0,0.0
2026-03-06 04:00:00+00:00,71085.6328125,71100.65625,70435.671875,70594.9453125,0,0.0,0.0
2026-03-06 05:00:00+00:00,70572.5390625,70632.6953125,70162.8359375,70448.7421875,0,0.0,0.0
2026-03-06 06:00:00+00:00,70436.75,70806.734375,70275.53125,70644.921875,0,0.0,0.0
2026-03-06 07:00:00+00:00,70616.2734375,71162.75,70495.625,71077.15625,0,0.0,0.0
2026-03-06 08:00:00+00:00,71060.3359375,71060.3359375,70762.578125,70762.578125,0,0.0,0.0
2026-03-06 09:00:00+00:00,70762.046875,70785.6171875,70353.2421875,70565.0078125,0,0.0,0.0
2026-03-06 10:00:00+00:00,70566.25,70765.609375,70503.109375,70551.640625,0,0.0,0.0
2026-03-06 11:00:00+00:00,70540.765625,70611.7109375,70198.7265625,70202.3359375,0,0.0,0.0
2026-03-06 12:00:00+00:00,70203.9140625,70203.9140625,69682.0390625,70014.0625,1219764224,0.0,0.0
2026-03-06 13:00:00+00:00,69998.7890625,70264.609375,69333.1171875,69358.984375,927875072,0.0,0.0
2026-03-06 14:00:00+00:00,68906.4375,69190.125,68341.328125,68341.328125,2065895424,0.0,0.0
2026-03-06 15:00:00+00:00,68448.0703125,69012.078125,68333.4140625,68543.03125,0,0.0,0.0
2026-03-06 16:00:00+00:00,68506.578125,68773.5234375,68241.375,68470.203125,0,0.0,0.0
2026-03-06 17:00:00+00:00,68448.3046875,68614.46875,67760.484375,67987.828125,39723008,0.0,0.0
2026-03-06 18:00:00+00:00,68006.5078125,68451.7109375,68006.5078125,68190.609375,0,0.0,0.0
2026-03-06 19:00:00+00:00,68248.265625,68455.5078125,68022.0,68109.4140625,0,0.0,0.0
2026-03-06 20:00:00+00:00,68124.5703125,68237.4296875,67778.1484375,68145.4453125,36192256,0.0,0.0
2026-03-06 21:00:00+00:00,68119.671875,68309.734375,67940.6015625,68278.59375,77824,0.0,0.0
2026-03-06 22:00:00+00:00,68277.890625,68423.8984375,68234.03125,68423.8984375,0,0.0,0.0
2026-03-06 23:00:00+00:00,68320.375,68367.515625,68105.59375,68119.6484375,0,0.0,0.0
2026-03-07 00:00:00+00:00,68139.6875,68348.6796875,68127.828125,68312.25,0,0.0,0.0
2026-03-07 01:00:00+00:00,68303.6171875,68343.921875,68186.59375,68280.625,0,0.0,0.0
2026-03-07 02:00:00+00:00,68252.4921875,68298.1015625,68092.2421875,68298.1015625,0,0.0,0.0
2026-03-07 03:00:00+00:00,68342.4375,68513.84375,68108.3125,68133.25,0,0.0,0.0
2026-03-07 04:00:00+00:00,68124.7421875,68144.4765625,67890.0703125,68076.1484375,0,0.0,0.0
2026-03-07 05:00:00+00:00,68096.3046875,68111.765625,67928.09375,67998.078125,0,0.0,0.0
2026-03-07 06:00:00+00:00,68005.3046875,68009.5,67716.71875,67745.171875,0,0.0,0.0
2026-03-07 07:00:00+00:00,67689.0078125,67854.9375,67503.4140625,67854.9375,0,0.0,0.0
2026-03-07 08:00:00+00:00,67827.046875,68031.46875,67752.2421875,67763.1640625,0,0.0,0.0
2026-03-07 09:00:00+00:00,67794.2890625,68046.0234375,67743.6796875,68016.796875,0,0.0,0.0
2026-03-07 10:00:00+00:00,67999.1640625,68091.4296875,67882.578125,67882.578125,0,0.0,0.0
2026-03-07 11:00:00+00:00,67882.578125,68207.53125,67867.453125,68020.875,0,0.0,0.0
2026-03-07 12:00:00+00:00,68015.34375,68078.625,67908.9453125,67995.0859375,0,0.0,0.0
2026-03-07 13:00:00+00:00,67986.6953125,68071.1328125,67881.5234375,67923.0703125,0,0.0,0.0
2026-03-07 14:00:00+00:00,67893.1875,68054.3515625,67628.859375,68038.125,0,0.0,0.0
2026-03-07 15:00:00+00:00,68020.1640625,68020.1640625,67798.03125,67910.8984375,0,0.0,0.0
2026-03-07 16:00:00+00:00,67887.4375,67887.4375,67741.328125,67818.6875,0,0.0,0.0
2026-03-07 17:00:00+00:00,67804.7109375,67918.0234375,67781.765625,67781.765625,0,0.0,0.0
2026-03-07 18:00:00+00:00,67787.0546875,67787.0546875,67521.46875,67588.6875,0,0.0,0.0
2026-03-07 19:00:00+00:00,67571.0625,67571.0625,67016.953125,67095.625,965033984,0.0,0.0
2026-03-07 20:00:00+00:00,67087.1328125,67418.8984375,67087.1328125,67414.6171875,0,0.0,0.0
2026-03-07 21:00:00+00:00,67401.6796875,67476.7265625,67297.53125,67439.015625,0,0.0,0.0
2026-03-07 22:00:00+00:00,67452.1484375,67456.328125,67171.5625,67240.6640625,25126912,0.0,0.0
2026-03-07 23:00:00+00:00,67239.65625,67384.7421875,67209.265625,67267.703125,0,0.0,0.0
2026-03-08 00:00:00+00:00,67250.1015625,67474.390625,67177.8046875,67228.4921875,0,0.0,0.0
2026-03-08 01:00:00+00:00,67197.640625,67350.0390625,67098.0703125,67296.7109375,144486400,0.0,0.0
2026-03-08 02:00:00+00:00,67299.8046875,67408.5859375,66905.828125,66956.8046875,606951424,0.0,0.0
2026-03-08 03:00:00+00:00,66919.421875,67064.59375,66892.953125,67050.3515625,288538624,0.0,0.0
2026-03-08 04:00:00+00:00,67009.3125,67077.75,66612.984375,66647.515625,278130688,0.0,0.0
2026-03-08 05:00:00+00:00,66635.25,67217.5859375,66635.25,67171.09375,339662848,0.0,0.0
2026-03-08 06:00:00+00:00,67154.2109375,67218.9609375,67057.984375,67190.828125,0,0.0,0.0
2026-03-08 07:00:00+00:00,67162.796875,67412.6953125,67162.4296875,67277.71875,0,0.0,0.0
2026-03-08 08:00:00+00:00,67315.3984375,67547.984375,67184.15625,67537.9296875,383299584,0.0,0.0
2026-03-08 09:00:00+00:00,67541.71875,67819.0546875,67472.4921875,67733.984375,697190400,0.0,0.0
2026-03-08 10:00:00+00:00,67718.625,68170.4453125,67718.625,67893.5078125,643680256,0.0,0.0
2026-03-08 11:00:00+00:00,67896.859375,67896.859375,67439.5703125,67537.6328125,203538432,0.0,0.0
2026-03-08 12:00:00+00:00,67517.109375,67617.4453125,66913.4375,67305.921875,870957056,0.0,0.0
2026-03-08 13:00:00+00:00,67316.9375,67354.6640625,66876.625,67257.5390625,1407559680,0.0,0.0
2026-03-08 14:00:00+00:00,67249.78125,67395.0,67074.4453125,67291.859375,32139264,0.0,0.0
2026-03-08 15:00:00+00:00,67321.421875,67348.921875,67125.3828125,67197.578125,235843584,0.0,0.0
2026-03-08 16:00:00+00:00,67200.6953125,67222.40625,66846.515625,66846.515625,435476480,0.0,0.0
2026-03-08 17:00:00+00:00,66859.78125,67139.203125,66824.0625,66978.1953125,514711552,0.0,0.0
2026-03-08 18:00:00+00:00,67011.078125,67041.4140625,66768.0625,66853.7421875,0,0.0,0.0
2026-03-08 19:00:00+00:00,66823.9375,67405.09375,66806.6953125,67294.5234375,0,0.0,0.0
2026-03-08 20:00:00+00:00,67311.3671875,67480.8671875,67050.953125,67210.8359375,424927232,0.0,0.0
2026-03-08 21:00:00+00:00,67243.015625,67243.015625,66760.640625,66978.71875,785186816,0.0,0.0
2026-03-08 22:00:00+00:00,66976.671875,66976.671875,65660.515625,66221.859375,2410731520,0.0,0.0
2026-03-08 23:00:00+00:00,66215.1171875,66529.421875,65990.9765625,65990.9765625,1615960064,0.0,0.0
2026-03-09 00:00:00+00:00,65975.703125,66716.171875,65878.921875,66406.7734375,1005076480,0.0,0.0
2026-03-09 01:00:00+00:00,66363.234375,66658.3828125,66176.90625,66239.640625,1434687488,0.0,0.0
2026-03-09 02:00:00+00:00,66205.796875,66647.7265625,65990.5703125,66575.859375,582176768,0.0,0.0
2026-03-09 03:00:00+00:00,66602.0078125,67644.046875,66602.0078125,67198.7890625,1198792704,0.0,0.0
2026-03-09 04:00:00+00:00,67206.921875,67584.3984375,67183.390625,67184.8125,0,0.0,0.0
2026-03-09 05:00:00+00:00,67133.9375,68009.7265625,67133.9375,67887.1484375,1376468992,0.0,0.0
2026-03-09 06:00:00+00:00,67890.9453125,67895.640625,67273.578125,67286.0859375,1159671808,0.0,0.0
2026-03-09 07:00:00+00:00,67243.53125,67532.5,66968.28125,67527.171875,515100672,0.0,0.0
2026-03-09 08:00:00+00:00,67566.90625,67886.8828125,67431.875,67810.0078125,872071168,0.0,0.0
2026-03-09 09:00:00+00:00,67799.359375,68405.1640625,67615.15625,67968.8359375,513470464,0.0,0.0
2026-03-09 10:00:00+00:00,67984.6328125,68043.5078125,67586.328125,67602.859375,660811776,0.0,0.0
2026-03-09 11:00:00+00:00,67596.6328125,67824.65625,67398.3984375,67781.9375,13942784,0.0,0.0
2026-03-09 12:00:00+00:00,67753.046875,68285.1328125,67753.046875,68197.796875,203182080,0.0,0.0
2026-03-09 13:00:00+00:00,68157.65625,69249.7265625,68157.65625,69038.953125,1498853376,0.0,0.0
2026-03-09 14:00:00+00:00,69000.828125,69453.5,68720.8671875,69149.828125,2796879872,0.0,0.0
2026-03-09 15:00:00+00:00,69133.3984375,69232.6796875,68771.984375,69007.4609375,1620893696,0.0,0.0
2026-03-09 16:00:00+00:00,68895.296875,69130.875,68729.2578125,68972.671875,1186041856,0.0,0.0
2026-03-09 17:00:00+00:00,68971.8359375,69055.21875,68315.6796875,68658.5546875,471916544,0.0,0.0
2026-03-09 18:00:00+00:00,68622.078125,68690.2578125,68265.109375,68344.578125,1060278272,0.0,0.0
2026-03-09 19:00:00+00:00,68400.1640625,69347.0234375,68400.1640625,69053.765625,1127022592,0.0,0.0
2026-03-09 20:00:00+00:00,69006.203125,69139.6640625,68822.3125,69026.1875,575393792,0.0,0.0
2026-03-09 21:00:00+00:00,68996.78125,69117.7890625,68746.65625,69009.71875,48074752,0.0,0.0
2026-03-09 22:00:00+00:00,69014.3828125,69014.3828125,68630.859375,68654.75,0,0.0,0.0
2026-03-09 23:00:00+00:00,68642.3828125,68692.859375,68401.4609375,68401.4609375,0,0.0,0.0
2026-03-10 00:00:00+00:00,68443.1484375,69284.1796875,68432.28125,69117.40625,0,0.0,0.0
2026-03-10 01:00:00+00:00,69163.484375,69330.5078125,68846.6953125,69282.4609375,0,0.0,0.0
2026-03-10 02:00:00+00:00,69316.3984375,70561.8515625,69133.9375,70282.6640625,1710305280,0.0,0.0
2026-03-10 03:00:00+00:00,70285.90625,70334.1875,69454.2890625,69454.2890625,0,0.0,0.0
2026-03-10 04:00:00+00:00,69474.1640625,70092.0234375,69474.1640625,70082.0546875,166465536,0.0,0.0
2026-03-10 05:00:00+00:00,70054.296875,70311.6796875,69914.6171875,69966.9453125,0,0.0,0.0
2026-03-10 06:00:00+00:00,69942.6796875,70160.3125,69773.6015625,69906.546875,0,0.0,0.0
2026-03-10 07:00:00+00:00,69957.859375,70465.3984375,69845.078125,70338.8671875,854138880,0.0,0.0
2026-03-10 08:00:00+00:00,70392.390625,71072.984375,70392.390625,70655.1875,612130816,0.0,0.0
2026-03-10 09:00:00+00:00,70670.4921875,71266.8828125,70670.4921875,71034.453125,206561280,0.0,0.0
2026-03-10 10:00:00+00:00,71047.1484375,71047.1484375,70690.234375,70813.3515625,0,0.0,0.0
2026-03-10 11:00:00+00:00,70758.9765625,70850.09375,70575.015625,70612.5078125,838459392,0.0,0.0
2026-03-10 12:00:00+00:00,70609.28125,70617.546875,70329.375,70508.40625,0,0.0,0.0
2026-03-10 13:00:00+00:00,70523.1875,70907.703125,69762.796875,69974.1328125,0,0.0,0.0
2026-03-10 14:00:00+00:00,69935.9921875,71453.234375,69508.3515625,71435.6484375,329719808,0.0,0.0
2026-03-10 15:00:00+00:00,71568.4140625,71751.71875,70945.703125,71360.6640625,1293574144,0.0,0.0
2026-03-10 16:00:00+00:00,71382.9375,71699.7265625,71016.2421875,71226.984375,786587648,0.0,0.0
2026-03-10 17:00:00+00:00,71269.1640625,71457.875,70619.2265625,70899.8515625,734576640,0.0,0.0
2026-03-10 18:00:00+00:00,70877.2265625,70888.8359375,69949.421875,69969.8046875,890544128,0.0,0.0
2026-03-10 19:00:00+00:00,70017.2265625,70245.8359375,69837.5078125,70001.09375,0,0.0,0.0
2026-03-10 20:00:00+00:00,70050.2265625,70320.6328125,70043.0703125,70254.5,0,0.0,0.0
2026-03-10 21:00:00+00:00,70256.2890625,70390.609375,69568.7578125,69781.28125,220327936,0.0,0.0
2026-03-10 22:00:00+00:00,69816.8125,69855.578125,69491.3828125,69708.0234375,0,0.0,0.0
2026-03-10 23:00:00+00:00,69707.1796875,69952.984375,69707.1796875,69919.15625,580050944,0.0,0.0
2026-03-11 00:00:00+00:00,69956.9296875,70146.609375,69780.265625,70093.7734375,0,0.0,0.0
2026-03-11 01:00:00+00:00,70053.5078125,70123.3125,69907.9921875,70089.4921875,617857024,0.0,0.0
2026-03-11 02:00:00+00:00,70086.0390625,70117.4765625,69663.953125,69790.0859375,0,0.0,0.0
2026-03-11 03:00:00+00:00,69816.5078125,69849.1328125,69526.8203125,69571.8671875,322605056,0.0,0.0
2026-03-11 04:00:00+00:00,69544.28125,70256.4609375,69538.9921875,70142.796875,0,0.0,0.0
2026-03-11 05:00:00+00:00,70151.9296875,70153.9609375,69453.703125,69552.3046875,31375360,0.0,0.0
2026-03-11 06:00:00+00:00,69512.671875,69972.96875,69512.671875,69965.296875,0,0.0,0.0
2026-03-11 07:00:00+00:00,69956.421875,69987.2265625,69527.34375,69666.4765625,0,0.0,0.0
2026-03-11 08:00:00+00:00,69674.875,69757.7734375,69507.9453125,69637.3046875,0,0.0,0.0
2026-03-11 09:00:00+00:00,69644.890625,69732.140625,69404.7421875,69411.1796875,0,0.0,0.0
2026-03-11 10:00:00+00:00,69466.3125,69693.75,69430.703125,69627.4453125,0,0.0,0.0
2026-03-11 11:00:00+00:00,69617.2578125,69645.7890625,69247.8671875,69247.8671875,88522752,0.0,0.0
2026-03-11 12:00:00+00:00,69178.859375,69547.234375,68998.8671875,69372.46875,380854272,0.0,0.0
2026-03-11 13:00:00+00:00,69363.40625,71038.4375,69356.203125,70186.515625,583168000,0.0,0.0
2026-03-11 14:00:00+00:00,70195.28125,70926.5625,70055.15625,70690.9921875,409673728,0.0,0.0
2026-03-11 15:00:00+00:00,70617.7734375,70617.7734375,69850.2109375,70278.3515625,0,0.0,0.0
2026-03-11 16:00:00+00:00,70242.484375,70777.78125,70226.9375,70572.265625,424595456,0.0,0.0
2026-03-11 17:00:00+00:00,70580.484375,71337.6640625,70580.484375,70801.609375,1442115584,0.0,0.0
2026-03-11 18:00:00+00:00,70794.34375,70878.6875,70466.8125,70664.5546875,0,0.0,0.0
2026-03-11 19:00:00+00:00,70648.3984375,70730.2421875,70416.71875,70667.578125,0,0.0,0.0
2026-03-11 20:00:00+00:00,70670.0,70670.0,70435.7109375,70665.5,0,0.0,0.0
2026-03-11 21:00:00+00:00,70660.984375,70771.0546875,70526.9609375,70742.6796875,0,0.0,0.0
2026-03-11 22:00:00+00:00,70762.3359375,70901.875,70327.4140625,70359.6875,0,0.0,0.0
2026-03-11 23:00:00+00:00,70375.9453125,70507.0234375,70165.6640625,70190.3671875,0,0.0,0.0
2026-03-12 00:00:00+00:00,70202.765625,70357.203125,70170.671875,70248.6640625,0,0.0,0.0
2026-03-12 01:00:00+00:00,70225.3671875,70225.3671875,69795.2578125,69807.671875,0,0.0,0.0
2026-03-12 02:00:00+00:00,69841.84375,69878.34375,69252.6015625,69334.328125,0,0.0,0.0
2026-03-12 03:00:00+00:00,69305.109375,69606.9765625,69305.109375,69437.1015625,0,0.0,0.0
2026-03-12 04:00:00+00:00,69468.0546875,69652.890625,69326.4921875,69403.859375,0,0.0,0.0
2026-03-12 05:00:00+00:00,69380.015625,69532.65625,69242.03125,69437.375,0,0.0,0.0
2026-03-12 06:00:00+00:00,69454.578125,69543.7734375,69376.046875,69463.3359375,42287104,0.0,0.0
2026-03-12 07:00:00+00:00,69486.75,69847.9140625,69447.0234375,69813.4296875,39161856,0.0,0.0
2026-03-12 08:00:00+00:00,69831.0390625,70051.109375,69726.53125,69851.5390625,563331072,0.0,0.0
2026-03-12 09:00:00+00:00,69898.03125,70314.84375,69634.1640625,69976.53125,470585344,0.0,0.0
2026-03-12 10:00:00+00:00,70041.3515625,70469.5703125,69894.4765625,70457.4765625,207564800,0.0,0.0
2026-03-12 11:00:00+00:00,70409.8125,70743.3203125,70405.15625,70452.9453125,506089472,0.0,0.0
2026-03-12 12:00:00+00:00,70438.421875,70604.1953125,70312.3984375,70376.8203125,0,0.0,0.0
2026-03-12 13:00:00+00:00,70394.90625,70536.6328125,69765.0234375,69858.9140625,0,0.0,0.0
2026-03-12 14:00:00+00:00,69975.453125,70519.6015625,69426.078125,69529.3515625,0,0.0,0.0
2026-03-12 15:00:00+00:00,69610.9921875,70551.171875,69575.453125,70270.5234375,104935424,0.0,0.0
2026-03-12 16:00:00+00:00,70318.53125,70542.9921875,69966.234375,70422.5625,127213568,0.0,0.0
2026-03-12 17:00:00+00:00,70408.3125,70549.390625,70193.0390625,70276.96875,0,0.0,0.0
2026-03-12 18:00:00+00:00,70240.9921875,70269.046875,69830.15625,69830.15625,0,0.0,0.0
2026-03-12 19:00:00+00:00,69900.21875,70557.953125,69825.1015625,70520.96875,119939072,0.0,0.0
2026-03-12 20:00:00+00:00,70487.4765625,70540.984375,70155.8515625,70189.828125,304300032,0.0,0.0
2026-03-12 21:00:00+00:00,70215.859375,70434.609375,70215.859375,70371.6953125,0,0.0,0.0
2026-03-12 22:00:00+00:00,70298.6796875,70298.6796875,70041.546875,70132.71875,0,0.0,0.0
2026-03-12 23:00:00+00:00,70210.5546875,70712.6171875,70210.5546875,70492.3671875,582909952,0.0,0.0
2026-03-13 00:00:00+00:00,70446.8671875,71953.484375,70426.640625,71391.15625,3419000832,0.0,0.0
2026-03-13 01:00:00+00:00,71624.4140625,71684.4375,71329.6796875,71636.0703125,569339904,0.0,0.0
2026-03-13 02:00:00+00:00,71657.53125,71657.53125,71095.921875,71166.265625,23027712,0.0,0.0
2026-03-13 03:00:00+00:00,71170.2734375,71445.34375,71045.5234375,71403.625,222846976,0.0,0.0
2026-03-13 04:00:00+00:00,71404.71875,71477.6015625,71264.125,71335.875,584400896,0.0,0.0
2026-03-13 05:00:00+00:00,71357.265625,71608.5859375,71250.8984375,71604.609375,0,0.0,0.0
2026-03-13 06:00:00+00:00,71569.609375,71584.1171875,71193.234375,71342.6640625,1116696576,0.0,0.0
2026-03-13 07:00:00+00:00,71324.0703125,71651.875,71255.9765625,71651.875,347213824,0.0,0.0
2026-03-13 08:00:00+00:00,71622.6953125,72046.7265625,71399.765625,71784.875,1098498048,0.0,0.0
2026-03-13 09:00:00+00:00,71818.421875,72088.8359375,71657.7890625,72038.1171875,0,0.0,0.0
2026-03-13 10:00:00+00:00,72019.6953125,72571.53125,72019.6953125,72489.6875,1934700544,0.0,0.0
2026-03-13 11:00:00+00:00,72475.3828125,72513.5078125,72245.921875,72254.34375,0,0.0,0.0
2026-03-13 12:00:00+00:00,72235.890625,72853.28125,72235.890625,72853.28125,0,0.0,0.0
2026-03-13 13:00:00+00:00,72793.6484375,73580.6015625,72710.453125,73510.8046875,2515722240,0.0,0.0
2026-03-13 14:00:00+00:00,73410.1953125,73854.28125,72419.109375,72419.109375,2514821120,0.0,0.0
2026-03-13 15:00:00+00:00,72419.8515625,72776.7734375,71764.828125,71798.3359375,2530959360,0.0,0.0
2026-03-13 16:00:00+00:00,71860.2421875,72076.578125,71175.7109375,71934.0859375,1378779136,0.0,0.0
2026-03-13 17:00:00+00:00,71889.2265625,72220.09375,70943.7109375,71003.5703125,1685139456,0.0,0.0
2026-03-13 18:00:00+00:00,71028.09375,71294.5234375,70936.8125,71069.2734375,0,0.0,0.0
2026-03-13 19:00:00+00:00,71056.78125,71283.0078125,71023.6953125,71159.5390625,1672425472,0.0,0.0
2026-03-13 20:00:00+00:00,71175.09375,71450.2265625,71166.1328125,71357.3984375,55992320,0.0,0.0
2026-03-13 21:00:00+00:00,71349.578125,71482.953125,71096.640625,71161.375,403816448,0.0,0.0
2026-03-13 22:00:00+00:00,71110.5234375,71156.7734375,70570.5546875,70794.5234375,498339840,0.0,0.0
2026-03-13 23:00:00+00:00,70797.015625,70987.4921875,70723.421875,70941.1875,0,0.0,0.0
2026-03-14 00:00:00+00:00,70952.3359375,70952.3359375,70573.3828125,70684.9921875,0,0.0,0.0
2026-03-14 01:00:00+00:00,70691.6015625,70885.359375,70507.8828125,70862.96875,0,0.0,0.0
2026-03-14 02:00:00+00:00,70794.109375,70889.0703125,70752.546875,70859.34375,0,0.0,0.0
2026-03-14 03:00:00+00:00,70800.71875,71155.03125,70800.71875,71072.2265625,433008640,0.0,0.0
2026-03-14 04:00:00+00:00,71090.21875,71281.6796875,71032.5546875,71032.5546875,0,0.0,0.0
2026-03-14 05:00:00+00:00,71038.8046875,71125.671875,70963.28125,71026.6796875,0,0.0,0.0
2026-03-14 06:00:00+00:00,71025.7109375,71025.7109375,70436.75,70656.875,0,0.0,0.0
2026-03-14 07:00:00+00:00,70677.953125,70732.9921875,70531.2578125,70613.203125,0,0.0,0.0
2026-03-14 08:00:00+00:00,70599.90625,70686.3515625,70556.3359375,70583.171875,0,0.0,0.0
2026-03-14 09:00:00+00:00,70589.4375,70711.1484375,70435.734375,70546.7421875,0,0.0,0.0
2026-03-14 10:00:00+00:00,70539.640625,70575.28125,70421.6875,70563.671875,0,0.0,0.0
2026-03-14 11:00:00+00:00,70570.9140625,70769.859375,70570.9140625,70723.2890625,0,0.0,0.0
2026-03-14 12:00:00+00:00,70739.1875,70829.484375,70638.3203125,70731.0390625,0,0.0,0.0
2026-03-14 13:00:00+00:00,70747.15625,70933.890625,70743.703125,70878.0546875,0,0.0,0.0
2026-03-14 14:00:00+00:00,70893.2265625,70951.0859375,70621.4921875,70632.640625,0,0.0,0.0
2026-03-14 15:00:00+00:00,70606.5625,70729.8828125,70522.859375,70603.828125,0,0.0,0.0
2026-03-14 16:00:00+00:00,70607.3671875,70710.1015625,70512.34375,70682.078125,0,0.0,0.0
2026-03-14 17:00:00+00:00,70684.8125,70728.828125,70596.8125,70619.96875,0,0.0,0.0
2026-03-14 18:00:00+00:00,70624.1640625,70702.7109375,70581.5703125,70702.7109375,0,0.0,0.0
2026-03-14 19:00:00+00:00,70678.34375,70736.296875,70620.90625,70711.6171875,0,0.0,0.0
2026-03-14 20:00:00+00:00,70711.78125,70854.203125,70665.1796875,70844.234375,0,0.0,0.0
2026-03-14 21:00:00+00:00,70825.25,70825.25,70679.1328125,70808.8984375,0,0.0,0.0
2026-03-14 22:00:00+00:00,70790.6171875,70805.84375,70711.984375,70727.6171875,0,0.0,0.0
2026-03-14 23:00:00+00:00,70722.0390625,71239.0859375,70722.0390625,71236.1328125,0,0.0,0.0
2026-03-15 00:00:00+00:00,71214.4296875,71214.4296875,70983.21875,71006.421875,0,0.0,0.0
2026-03-15 01:00:00+00:00,70994.328125,71038.1796875,70897.6171875,71028.921875,0,0.0,0.0
2026-03-15 02:00:00+00:00,71088.8984375,71575.921875,71088.8984375,71461.34375,434233344,0.0,0.0
2026-03-15 03:00:00+00:00,71460.5234375,71514.4140625,71286.0234375,71325.859375,0,0.0,0.0
2026-03-15 04:00:00+00:00,71343.453125,71650.640625,71343.453125,71535.2265625,0,0.0,0.0
2026-03-15 05:00:00+00:00,71552.046875,71729.515625,71483.0390625,71504.1875,299008000,0.0,0.0
2026-03-15 06:00:00+00:00,71500.4453125,71592.734375,71409.25,71451.53125,0,0.0,0.0
2026-03-15 07:00:00+00:00,71456.875,71656.3125,71424.15625,71441.8359375,0,0.0,0.0
2026-03-15 08:00:00+00:00,71449.0234375,71668.984375,71449.0234375,71629.4296875,0,0.0,0.0
2026-03-15 09:00:00+00:00,71818.2109375,71932.8984375,71723.515625,71810.9140625,225181696,0.0,0.0
2026-03-15 10:00:00+00:00,71799.3671875,71915.4375,71753.6953125,71790.0,0,0.0,0.0
2026-03-15 11:00:00+00:00,71787.21875,71881.84375,71677.78125,71843.15625,216363008,0.0,0.0
2026-03-15 12:00:00+00:00,71832.7734375,71832.7734375,71593.984375,71609.4296875,17004544,0.0,0.0
2026-03-15 13:00:00+00:00,71616.875,71666.3203125,71299.9921875,71545.3359375,924372992,0.0,0.0
2026-03-15 14:00:00+00:00,71610.1328125,71613.40625,71359.5859375,71611.015625,63881216,0.0,0.0
2026-03-15 15:00:00+00:00,71601.0625,71601.75,71445.8515625,71488.0625,0,0.0,0.0
2026-03-15 16:00:00+00:00,71487.0546875,71570.828125,71339.46875,71431.0234375,0,0.0,0.0
2026-03-15 17:00:00+00:00,71436.5234375,71987.2890625,71423.359375,71828.2578125,241055744,0.0,0.0
2026-03-15 18:00:00+00:00,71801.2734375,71817.546875,71369.328125,71384.6484375,594319360,0.0,0.0
2026-03-15 19:00:00+00:00,71417.765625,71559.4453125,71376.1796875,71558.015625,255500288,0.0,0.0
2026-03-15 20:00:00+00:00,71562.3125,71870.953125,71451.8828125,71759.0625,166877184,0.0,0.0
2026-03-15 21:00:00+00:00,71730.75,72217.6796875,71636.0390625,72064.5703125,892504064,0.0,0.0
2026-03-15 22:00:00+00:00,72108.640625,73034.6171875,71733.015625,72803.8671875,2847434752,0.0,0.0
2026-03-15 23:00:00+00:00,72734.5078125,73141.3515625,72450.0078125,72779.0,1400201216,0.0,0.0
2026-03-16 00:00:00+00:00,72820.78125,72970.4921875,72487.046875,72550.0,756738048,0.0,0.0
2026-03-16 01:00:00+00:00,72563.15625,72799.5078125,72323.09375,72753.078125,875393024,0.0,0.0
2026-03-16 02:00:00+00:00,72738.9296875,72848.0703125,72405.796875,72568.953125,0,0.0,0.0
2026-03-16 03:00:00+00:00,72541.921875,73984.296875,72458.3125,73661.484375,3331143680,0.0,0.0
2026-03-16 04:00:00+00:00,73582.4296875,74363.125,73582.4296875,73880.3046875,2144870400,0.0,0.0
2026-03-16 05:00:00+00:00,73836.765625,74193.4765625,73765.609375,74165.0859375,1195438080,0.0,0.0
2026-03-16 06:00:00+00:00,74157.6328125,74173.2578125,73646.2890625,73748.71875,2087010304,0.0,0.0
2026-03-16 07:00:00+00:00,73717.8828125,73912.3984375,73408.703125,73494.09375,1220030464,0.0,0.0
2026-03-16 08:00:00+00:00,73458.265625,73761.78125,72931.9375,73123.546875,1563623424,0.0,0.0
2026-03-16 09:00:00+00:00,73123.6953125,73313.125,73069.9140625,73263.0703125,496054272,0.0,0.0
2026-03-16 10:00:00+00:00,73261.8359375,73722.40625,73218.9765625,73722.40625,637136896,0.0,0.0
2026-03-16 11:00:00+00:00,73773.65625,73788.40625,73535.3984375,73562.8046875,658067456,0.0,0.0
2026-03-16 12:00:00+00:00,73561.6640625,74002.421875,73507.6484375,73844.8828125,1360379904,0.0,0.0
2026-03-16 13:00:00+00:00,73881.6328125,74458.6484375,73824.3359375,74043.6484375,0,0.0,0.0
2026-03-16 14:00:00+00:00,74075.6796875,74414.765625,73064.859375,73457.046875,3715604480,0.0,0.0
2026-03-16 15:00:00+00:00,73540.890625,73896.921875,73232.28125,73245.90625,519004160,0.0,0.0
2026-03-16 16:00:00+00:00,73281.421875,73838.9140625,73198.8125,73773.3828125,2563309568,0.0,0.0
2026-03-16 17:00:00+00:00,73922.1328125,74036.5234375,73662.7890625,73962.015625,2005553152,0.0,0.0
2026-03-16 18:00:00+00:00,73947.9609375,74336.2578125,73940.4765625,73971.0625,1385996288,0.0,0.0
2026-03-16 19:00:00+00:00,73881.65625,74242.9765625,73858.8359375,73962.578125,1490034688,0.0,0.0
2026-03-16 20:00:00+00:00,73980.8671875,74232.4921875,73868.8828125,74219.015625,190033920,0.0,0.0
2026-03-16 21:00:00+00:00,74219.2578125,74702.5390625,74183.3203125,74416.984375,1580359680,0.0,0.0
2026-03-16 22:00:00+00:00,74413.8125,74889.625,74413.8125,74693.6953125,0,0.0,0.0
2026-03-16 23:00:00+00:00,74673.0703125,74901.859375,74322.546875,74852.5078125,0,0.0,0.0
2026-03-17 00:00:00+00:00,74871.296875,75447.015625,74682.5703125,75204.6015625,1854222336,0.0,0.0
2026-03-17 01:00:00+00:00,75286.53125,75954.96875,75108.96875,75620.7421875,1303420928,0.0,0.0
2026-03-17 02:00:00+00:00,75635.125,75648.9765625,75125.734375,75211.6171875,1427288064,0.0,0.0
2026-03-17 03:00:00+00:00,75190.9453125,75302.1796875,74309.4609375,74423.7109375,0,0.0,0.0
2026-03-17 04:00:00+00:00,74545.046875,74652.7421875,74001.8671875,74271.78125,391942144,0.0,0.0
2026-03-17 05:00:00+00:00,74245.1484375,74448.46875,73839.921875,73991.4453125,0,0.0,0.0
2026-03-17 06:00:00+00:00,74053.3671875,74267.0,73889.7578125,74082.6640625,0,0.0,0.0
2026-03-17 07:00:00+00:00,74082.6328125,74435.90625,74082.6328125,74257.4609375,0,0.0,0.0
2026-03-17 08:00:00+00:00,74254.4609375,74425.8515625,74158.890625,74167.9765625,0,0.0,0.0
2026-03-17 09:00:00+00:00,74185.6875,74347.3984375,73873.8203125,73950.484375,486350848,0.0,0.0
2026-03-17 10:00:00+00:00,73932.1953125,73938.5546875,73614.75,73720.25,0,0.0,0.0
2026-03-17 11:00:00+00:00,73736.875,74166.2890625,73702.8828125,74057.859375,270827520,0.0,0.0
2026-03-17 12:00:00+00:00,74036.2421875,74160.3125,73705.09375,73729.296875,0,0.0,0.0
2026-03-17 13:00:00+00:00,73741.6640625,74091.9609375,73488.921875,73668.1796875,0,0.0,0.0
2026-03-17 14:00:00+00:00,73648.8671875,74410.984375,73459.25,74383.1484375,0,0.0,0.0
2026-03-17 15:00:00+00:00,74396.6875,74816.5,73738.90625,73949.9375,366981120,0.0,0.0
2026-03-17 16:00:00+00:00,73943.6171875,74347.2109375,73905.640625,74139.8671875,165515264,0.0,0.0
2026-03-17 17:00:00+00:00,74165.3046875,74582.2109375,74039.1171875,74534.34375,46608384,0.0,0.0
2026-03-17 18:00:00+00:00,74502.8359375,74757.0078125,74418.953125,74696.8046875,0,0.0,0.0
2026-03-17 19:00:00+00:00,74669.46875,74810.171875,74485.6015625,74509.2109375,0,0.0,0.0
2026-03-17 20:00:00+00:00,74510.2265625,74679.125,74399.4453125,74568.0078125,134602752,0.0,0.0
2026-03-17 21:00:00+00:00,74547.59375,74797.6953125,74501.109375,74700.4921875,0,0.0,0.0
2026-03-17 22:00:00+00:00,74663.78125,74791.140625,73972.3984375,74309.75,0,0.0,0.0
2026-03-17 23:00:00+00:00,74328.9609375,74401.6015625,73940.0703125,73940.0703125,0,0.0,0.0
2026-03-18 00:00:00+00:00,73933.515625,74082.5234375,73607.1796875,73855.84375,0,0.0,0.0
2026-03-18 01:00:00+00:00,73869.1328125,74216.4921875,73869.1328125,74098.3125,0,0.0,0.0
2026-03-18 02:00:00+00:00,74089.375,74468.1015625,74089.375,74352.140625,0,0.0,0.0
2026-03-18 03:00:00+00:00,74350.484375,74614.859375,74288.6171875,74520.84375,0,0.0,0.0
2026-03-18 04:00:00+00:00,74488.171875,74495.1484375,74179.2890625,74185.9453125,0,0.0,0.0
2026-03-18 05:00:00+00:00,74184.734375,74301.109375,73898.4609375,73950.6171875,0,0.0,0.0
2026-03-18 06:00:00+00:00,74004.7890625,74227.5390625,73963.078125,73963.078125,0,0.0,0.0
2026-03-18 07:00:00+00:00,73964.40625,73978.3515625,73739.234375,73888.078125,0,0.0,0.0
2026-03-18 08:00:00+00:00,73889.796875,74118.8984375,73889.796875,74030.09375,60719104,0.0,0.0
2026-03-18 09:00:00+00:00,74039.984375,74264.984375,74039.984375,74154.8046875,0,0.0,0.0
2026-03-18 10:00:00+00:00,74203.2890625,74264.2578125,73854.3828125,73936.0546875,0,0.0,0.0
2026-03-18 11:00:00+00:00,73928.75,73993.3125,72884.6171875,72931.2109375,1629986816,0.0,0.0
2026-03-18 12:00:00+00:00,72969.7421875,72969.7421875,72352.828125,72383.359375,1847402496,0.0,0.0
2026-03-18 13:00:00+00:00,72272.1953125,72537.0703125,72002.1015625,72050.671875,166236160,0.0,0.0
2026-03-18 14:00:00+00:00,72167.140625,72196.3359375,71315.328125,71315.328125,1607847936,0.0,0.0
2026-03-18 15:00:00+00:00,71077.0,71515.359375,70978.140625,71515.359375,1513684992,0.0,0.0
2026-03-18 16:00:00+00:00,71452.140625,71551.2890625,71133.4765625,71329.96875,529702912,0.0,0.0
2026-03-18 17:00:00+00:00,71316.6328125,71710.953125,71219.640625,71616.7109375,385953792,0.0,0.0
2026-03-18 18:00:00+00:00,71775.625,71948.5546875,70992.875,70992.875,883851264,0.0,0.0
2026-03-18 19:00:00+00:00,71184.4765625,71453.0234375,71001.71875,71111.2421875,532865024,0.0,0.0
2026-03-18 20:00:00+00:00,71058.625,71273.40625,70605.0234375,71240.7265625,314224640,0.0,0.0
2026-03-18 21:00:00+00:00,71234.8359375,71406.578125,71190.4296875,71293.0625,653623296,0.0,0.0
2026-03-18 22:00:00+00:00,71218.265625,71218.265625,70979.8203125,71139.421875,87281664,0.0,0.0
2026-03-18 23:00:00+00:00,71119.5390625,71349.421875,71091.03125,71264.0078125,186429440,0.0,0.0
2026-03-19 00:00:00+00:00,71216.484375,71298.9609375,71010.4921875,71010.4921875,0,0.0,0.0
2026-03-19 01:00:00+00:00,71058.0703125,71165.8671875,70964.4453125,71140.328125,0,0.0,0.0
2026-03-19 02:00:00+00:00,71075.46875,71253.0234375,70936.203125,71050.7421875,0,0.0,0.0
2026-03-19 03:00:00+00:00,71060.1328125,71593.9453125,71060.1328125,71223.125,174055424,0.0,0.0
2026-03-19 04:00:00+00:00,71157.5390625,71199.2578125,70698.765625,70841.8359375,639582208,0.0,0.0
2026-03-19 05:00:00+00:00,70854.7421875,70894.46875,70688.65625,70835.7734375,0,0.0,0.0
2026-03-19 06:00:00+00:00,70834.140625,70930.9453125,70532.890625,70538.578125,0,0.0,0.0
2026-03-19 07:00:00+00:00,70543.28125,70543.28125,69519.03125,70220.4609375,3060477952,0.0,0.0
2026-03-19 08:00:00+00:00,70202.65625,70256.6875,69960.1171875,69960.1171875,1039183872,0.0,0.0
2026-03-19 09:00:00+00:00,69992.7421875,70530.7578125,69992.7421875,70494.7734375,1144094720,0.0,0.0
2026-03-19 10:00:00+00:00,70499.0703125,70499.0703125,70119.53125,70119.53125,370712576,0.0,0.0
2026-03-19 11:00:00+00:00,70134.71875,70229.7265625,69915.0,69915.0,0,0.0,0.0
2026-03-19 12:00:00+00:00,69934.671875,69935.6484375,69186.2265625,69308.4140625,0,0.0,0.0
2026-03-19 13:00:00+00:00,69288.171875,69997.40625,69099.8671875,69897.484375,674107392,0.0,0.0
2026-03-19 14:00:00+00:00,70009.0546875,70009.0546875,69132.6796875,69560.4921875,0,0.0,0.0
2026-03-19 15:00:00+00:00,69508.1953125,69847.2890625,68829.8515625,69452.3203125,0,0.0,0.0
2026-03-19 16:00:00+00:00,69425.8359375,69603.3125,69236.4296875,69446.2578125,1459310592,0.0,0.0
2026-03-19 17:00:00+00:00,69467.7109375,69879.515625,69145.453125,69858.3515625,0,0.0,0.0
2026-03-19 18:00:00+00:00,69850.21875,69908.8203125,69613.9609375,69842.75,0,0.0,0.0
2026-03-19 19:00:00+00:00,69826.40625,70564.9453125,69826.40625,70280.046875,747216896,0.0,0.0
2026-03-19 20:00:00+00:00,70277.4296875,70633.4296875,70214.5390625,70490.953125,0,0.0,0.0
2026-03-19 21:00:00+00:00,70505.65625,70695.4375,70414.9921875,70485.6328125,0,0.0,0.0
2026-03-19 22:00:00+00:00,70437.625,70491.5234375,69969.984375,70139.3515625,0,0.0,0.0
2026-03-19 23:00:00+00:00,70180.421875,70270.4140625,69740.953125,69939.875,6238208,0.0,0.0
2026-03-20 00:00:00+00:00,69921.890625,70280.90625,69849.15625,70232.03125,22978560,0.0,0.0
2026-03-20 01:00:00+00:00,70209.6875,70581.65625,70209.6875,70411.375,265351168,0.0,0.0
2026-03-20 02:00:00+00:00,70411.609375,70501.953125,70096.6171875,70429.59375,0,0.0,0.0
2026-03-20 03:00:00+00:00,70423.8671875,70765.3984375,70408.3046875,70747.953125,134672384,0.0,0.0
2026-03-20 04:00:00+00:00,70732.3515625,70939.7734375,70569.1015625,70785.0546875,0,0.0,0.0
2026-03-20 05:00:00+00:00,70784.3203125,70846.8046875,70555.8984375,70586.2578125,0,0.0,0.0
2026-03-20 06:00:00+00:00,70587.5625,70609.03125,70359.3828125,70480.53125,234172416,0.0,0.0
2026-03-20 07:00:00+00:00,70495.2109375,70890.09375,70223.3046875,70857.6328125,0,0.0,0.0
2026-03-20 08:00:00+00:00,70859.1796875,71315.328125,70810.9453125,71027.5234375,17764352,0.0,0.0
2026-03-20 09:00:00+00:00,70995.9140625,71002.9609375,70482.7890625,70564.0,0,0.0,0.0
2026-03-20 10:00:00+00:00,70570.6640625,70643.9765625,70242.9609375,70606.1953125,58114048,0.0,0.0
2026-03-20 11:00:00+00:00,70606.625,70787.5,70334.421875,70472.921875,0,0.0,0.0
2026-03-20 12:00:00+00:00,70474.6953125,70659.421875,70266.2734375,70321.734375,0,0.0,0.0
2026-03-20 13:00:00+00:00,70328.6484375,70610.78125,69830.9765625,69830.9765625,0,0.0,0.0
2026-03-20 14:00:00+00:00,69853.2109375,70227.015625,69637.5390625,69792.6328125,333500416,0.0,0.0
2026-03-20 15:00:00+00:00,69738.203125,69957.40625,69512.046875,69812.21875,0,0.0,0.0
2026-03-20 16:00:00+00:00,69857.6171875,70067.390625,69658.296875,69862.078125,154746880,0.0,0.0
2026-03-20 17:00:00+00:00,69819.046875,69953.96875,69435.75,69953.96875,243093504,0.0,0.0
2026-03-20 18:00:00+00:00,69960.4375,70025.2734375,69540.6171875,69700.6640625,375300096,0.0,0.0
2026-03-20 19:00:00+00:00,69750.9375,70165.765625,69688.8984375,70164.53125,0,0.0,0.0
2026-03-20 20:00:00+00:00,70160.9375,70228.75,69775.8359375,70047.375,143187968,0.0,0.0
2026-03-20 21:00:00+00:00,70044.4921875,70624.5625,69978.828125,70525.046875,182841344,0.0,0.0
2026-03-20 22:00:00+00:00,70545.578125,70877.3046875,70545.578125,70791.7109375,173883392,0.0,0.0
2026-03-20 23:00:00+00:00,70783.875,70783.875,70457.359375,70507.984375,0,0.0,0.0
2026-03-21 00:00:00+00:00,70517.6171875,70762.1640625,70490.8203125,70695.8828125,0,0.0,0.0
2026-03-21 01:00:00+00:00,70680.7890625,70742.890625,70483.4453125,70483.4453125,0,0.0,0.0
2026-03-21 02:00:00+00:00,70480.125,70764.6484375,70438.75,70715.328125,0,0.0,0.0
2026-03-21 03:00:00+00:00,70730.1640625,70767.015625,70615.7421875,70675.25,0,0.0,0.0
2026-03-21 04:00:00+00:00,70673.375,70790.421875,70623.890625,70632.328125,0,0.0,0.0
2026-03-21 05:00:00+00:00,70632.203125,70782.8203125,70632.203125,70704.1328125,552620032,0.0,0.0
2026-03-21 06:00:00+00:00,70696.578125,70799.671875,70696.578125,70764.578125,0,0.0,0.0
2026-03-21 07:00:00+00:00,70771.8515625,70871.8515625,70693.84375,70697.6328125,0,0.0,0.0
2026-03-21 08:00:00+00:00,70711.7109375,70727.671875,70489.359375,70585.9921875,0,0.0,0.0
2026-03-21 09:00:00+00:00,70586.71875,70701.453125,70583.3671875,70656.6015625,0,0.0,0.0
2026-03-21 10:00:00+00:00,70654.46875,70661.2421875,70556.9921875,70589.5234375,0,0.0,0.0
2026-03-21 11:00:00+00:00,70588.78125,70636.265625,70558.6953125,70634.9609375,0,0.0,0.0
2026-03-21 12:00:00+00:00,70635.1640625,70763.3984375,70635.1640625,70704.8671875,0,0.0,0.0
2026-03-21 13:00:00+00:00,70703.015625,70789.84375,70682.90625,70725.484375,0,0.0,0.0
2026-03-21 14:00:00+00:00,70717.6796875,71040.421875,70590.8203125,70592.34375,0,0.0,0.0
2026-03-21 15:00:00+00:00,70615.625,70750.3203125,70486.5078125,70652.2265625,0,0.0,0.0
2026-03-21 16:00:00+00:00,70641.703125,70644.515625,70269.796875,70290.7578125,0,0.0,0.0
2026-03-21 17:00:00+00:00,70295.28125,70403.3046875,70223.3203125,70317.5859375,0,0.0,0.0
2026-03-21 18:00:00+00:00,70312.9609375,70489.90625,70297.890625,70404.65625,0,0.0,0.0
2026-03-21 19:00:00+00:00,70389.640625,70434.65625,70328.8984375,70379.7109375,0,0.0,0.0
2026-03-21 20:00:00+00:00,70380.328125,70480.296875,70347.359375,70456.4140625,0,0.0,0.0
2026-03-21 21:00:00+00:00,70454.390625,70490.6171875,70283.9140625,70346.4921875,0,0.0,0.0
2026-03-21 22:00:00+00:00,70346.078125,70356.8671875,70270.5390625,70291.234375,0,0.0,0.0
2026-03-21 23:00:00+00:00,70265.4921875,70265.4921875,68875.703125,68875.703125,893892608,0.0,0.0
2026-03-22 00:00:00+00:00,68903.21875,69084.8046875,68339.5859375,68908.2109375,3266553856,0.0,0.0
2026-03-22 01:00:00+00:00,68942.6171875,69074.5390625,68802.9453125,68959.234375,723529728,0.0,0.0
2026-03-22 02:00:00+00:00,68963.9609375,69336.53125,68959.140625,69313.6015625,459825152,0.0,0.0
2026-03-22 03:00:00+00:00,69279.0546875,69552.2734375,69138.40625,69332.0703125,666935296,0.0,0.0
2026-03-22 04:00:00+00:00,69336.1171875,69494.2578125,69207.5078125,69322.4296875,283357184,0.0,0.0
2026-03-22 05:00:00+00:00,69341.4453125,69341.4453125,69147.1796875,69147.1796875,0,0.0,0.0
2026-03-22 06:00:00+00:00,69146.0546875,69219.9765625,69062.5078125,69151.9140625,0,0.0,0.0
2026-03-22 07:00:00+00:00,69152.8359375,69216.1171875,68923.3125,68923.3125,14460928,0.0,0.0
2026-03-22 08:00:00+00:00,68907.0234375,68971.8046875,68628.953125,68805.8203125,513187840,0.0,0.0
2026-03-22 09:00:00+00:00,68799.2734375,68857.0625,68608.9453125,68817.265625,329285632,0.0,0.0
2026-03-22 10:00:00+00:00,68820.3828125,68820.3828125,68606.4296875,68659.65625,7567360,0.0,0.0
2026-03-22 11:00:00+00:00,68647.453125,68671.8671875,68216.140625,68216.140625,857841664,0.0,0.0
2026-03-22 12:00:00+00:00,68213.7421875,68733.0703125,68213.7421875,68656.21875,708227072,0.0,0.0
2026-03-22 13:00:00+00:00,68653.9453125,68918.75,68564.640625,68732.0625,488226816,0.0,0.0
2026-03-22 14:00:00+00:00,68709.0859375,68897.8046875,68574.5625,68705.0546875,0,0.0,0.0
2026-03-22 15:00:00+00:00,68708.7421875,68940.5703125,68708.7421875,68828.15625,33644544,0.0,0.0
2026-03-22 16:00:00+00:00,68843.4296875,68860.4921875,68698.125,68829.7109375,0,0.0,0.0
2026-03-22 17:00:00+00:00,68816.875,68852.375,68684.703125,68722.84375,0,0.0,0.0
2026-03-22 18:00:00+00:00,68688.203125,68734.703125,68438.71875,68572.1953125,317104128,0.0,0.0
2026-03-22 19:00:00+00:00,68610.453125,68610.453125,68156.375,68184.2890625,1097996288,0.0,0.0
2026-03-22 20:00:00+00:00,68194.046875,68489.1875,68123.078125,68189.2109375,0,0.0,0.0
2026-03-22 21:00:00+00:00,68185.515625,68192.7578125,67408.296875,67833.8359375,1641764864,0.0,0.0
2026-03-22 22:00:00+00:00,67877.453125,68364.6640625,67619.6875,68296.4609375,935120896,0.0,0.0
2026-03-22 23:00:00+00:00,68316.71875,68411.7734375,67846.296875,67846.703125,0,0.0,0.0
2026-03-23 00:00:00+00:00,67854.984375,68130.328125,67466.7109375,67718.25,68786176,0.0,0.0
2026-03-23 01:00:00+00:00,67678.8125,68129.265625,67583.265625,67924.46875,0,0.0,0.0
2026-03-23 02:00:00+00:00,67902.3046875,68319.953125,67820.4609375,68289.7109375,168857600,0.0,0.0
2026-03-23 03:00:00+00:00,68371.6953125,68565.7421875,68062.515625,68068.9921875,0,0.0,0.0
2026-03-23 04:00:00+00:00,68072.1796875,68513.8515625,68069.9375,68513.8515625,0,0.0,0.0
2026-03-23 05:00:00+00:00,68518.7734375,68850.125,68518.7734375,68845.609375,1175013376,0.0,0.0
2026-03-23 06:00:00+00:00,68877.9765625,68877.9765625,67741.265625,67806.609375,1326714880,0.0,0.0
2026-03-23 07:00:00+00:00,67852.125,68414.875,67543.046875,68311.0390625,1792518144,0.0,0.0
2026-03-23 08:00:00+00:00,68303.515625,68641.5234375,68303.515625,68446.6875,830390272,0.0,0.0
2026-03-23 09:00:00+00:00,68417.78125,68417.78125,67922.8515625,68247.9609375,183115776,0.0,0.0
2026-03-23 10:00:00+00:00,68321.6484375,68670.203125,68291.34375,68549.3203125,251672576,0.0,0.0
2026-03-23 11:00:00+00:00,68534.1796875,71401.8515625,68534.1796875,70063.984375,8296083456,0.0,0.0
2026-03-23 12:00:00+00:00,70082.0390625,70828.5546875,69731.46875,70630.6796875,2473283584,0.0,0.0
2026-03-23 13:00:00+00:00,70719.125,71525.5546875,70629.4921875,71410.3125,2168483840,0.0,0.0
2026-03-23 14:00:00+00:00,71453.0390625,71696.078125,71190.4140625,71365.3203125,1883529216,0.0,0.0
2026-03-23 15:00:00+00:00,71457.4375,71623.90625,70131.59375,70131.59375,1987919872,0.0,0.0
2026-03-23 16:00:00+00:00,70107.0390625,70680.6640625,70107.0390625,70545.265625,2353709056,0.0,0.0
2026-03-23 17:00:00+00:00,70561.5625,71098.25,70419.9296875,71083.4921875,1485176832,0.0,0.0
2026-03-23 18:00:00+00:00,71067.3984375,71154.96875,70900.5234375,71056.4375,173412352,0.0,0.0
2026-03-23 19:00:00+00:00,71075.15625,71170.8671875,70651.0703125,70651.0703125,0,0.0,0.0
2026-03-23 20:00:00+00:00,70679.421875,70952.390625,70596.109375,70907.671875,1178177536,0.0,0.0
2026-03-23 21:00:00+00:00,70893.953125,70972.8046875,70818.7265625,70889.0078125,0,0.0,0.0
2026-03-23 22:00:00+00:00,70827.125,70827.125,70535.609375,70759.2578125,0,0.0,0.0
2026-03-23 23:00:00+00:00,70783.0,70919.921875,70406.1171875,70919.921875,0,0.0,0.0
2026-03-24 00:00:00+00:00,70898.6640625,71045.5234375,70510.125,70694.296875,0,0.0,0.0
2026-03-24 01:00:00+00:00,70648.890625,70832.515625,70360.375,70505.296875,0,0.0,0.0
2026-03-24 02:00:00+00:00,70499.40625,70656.46875,70424.046875,70444.484375,0,0.0,0.0
2026-03-24 03:00:00+00:00,70440.03125,70554.234375,70397.609375,70523.75,0,0.0,0.0
2026-03-24 04:00:00+00:00,70523.875,70671.8046875,70270.3984375,70376.3203125,0,0.0,0.0
2026-03-24 05:00:00+00:00,70362.28125,70362.28125,70129.859375,70260.484375,748859392,0.0,0.0
2026-03-24 06:00:00+00:00,70263.3984375,70522.984375,70254.359375,70518.46875,0,0.0,0.0
2026-03-24 07:00:00+00:00,70518.859375,71331.5,70489.46875,71331.5,0,0.0,0.0
2026-03-24 08:00:00+00:00,71277.5234375,71277.5234375,70863.7890625,70915.6640625,0,0.0,0.0
2026-03-24 09:00:00+00:00,70954.3125,71318.828125,70860.8984375,71307.640625,47820800,0.0,0.0
2026-03-24 10:00:00+00:00,71302.625,71307.2578125,71110.4140625,71262.15625,152907776,0.0,0.0
2026-03-24 11:00:00+00:00,71264.0703125,71291.578125,70994.4375,71123.2421875,0,0.0,0.0
2026-03-24 12:00:00+00:00,71143.7421875,71143.7421875,70869.4453125,70936.03125,0,0.0,0.0
2026-03-24 13:00:00+00:00,70940.84375,71020.2265625,70017.3828125,70017.3828125,0,0.0,0.0
2026-03-24 14:00:00+00:00,70070.2578125,70423.1796875,69515.4765625,69906.9375,138326016,0.0,0.0
2026-03-24 15:00:00+00:00,69833.625,70193.4921875,69795.5703125,69875.765625,0,0.0,0.0
2026-03-24 16:00:00+00:00,69869.234375,69945.90625,69383.1484375,69452.984375,0,0.0,0.0
2026-03-24 17:00:00+00:00,69441.28125,69479.46875,68934.4375,69221.265625,604794880,0.0,0.0
2026-03-24 18:00:00+00:00,69284.5390625,69702.84375,69166.9140625,69419.03125,506191872,0.0,0.0
2026-03-24 19:00:00+00:00,69410.4375,69648.640625,69276.390625,69297.703125,0,0.0,0.0
2026-03-24 20:00:00+00:00,69318.796875,70220.421875,69277.375,70043.5078125,871616512,0.0,0.0
2026-03-24 21:00:00+00:00,70051.0234375,70314.296875,69920.40625,70280.640625,609001472,0.0,0.0
2026-03-24 22:00:00+00:00,70293.453125,70513.671875,70159.40625,70343.359375,653373440,0.0,0.0
2026-03-24 23:00:00+00:00,70298.3828125,70783.234375,70265.484375,70531.625,595103744,0.0,0.0
2026-03-25 00:00:00+00:00,70525.5625,70995.4453125,70510.4296875,70869.515625,13664256,0.0,0.0
2026-03-25 01:00:00+00:00,70827.4140625,70925.3828125,70631.0390625,70702.359375,0,0.0,0.0
2026-03-25 02:00:00+00:00,70685.796875,70721.453125,70483.390625,70483.5703125,0,0.0,0.0
2026-03-25 03:00:00+00:00,70490.4296875,70757.6796875,70405.984375,70729.296875,430514176,0.0,0.0
2026-03-25 04:00:00+00:00,70709.2578125,70924.8125,70696.578125,70924.8125,65097728,0.0,0.0
2026-03-25 05:00:00+00:00,70932.953125,71295.6171875,70932.828125,71089.2734375,510869504,0.0,0.0
2026-03-25 06:00:00+00:00,71092.890625,71227.1484375,71000.7421875,71014.7578125,239230976,0.0,0.0
2026-03-25 07:00:00+00:00,70982.921875,71235.7109375,70886.9609375,70908.28125,0,0.0,0.0
2026-03-25 08:00:00+00:00,70903.484375,71468.2265625,70790.1015625,71229.4296875,345554944,0.0,0.0
2026-03-25 09:00:00+00:00,71226.1640625,71350.203125,71112.1015625,71327.7734375,0,0.0,0.0
2026-03-25 10:00:00+00:00,71365.6796875,71554.5703125,71299.5703125,71490.6015625,0,0.0,0.0
2026-03-25 11:00:00+00:00,71486.8984375,71946.390625,71467.0078125,71661.7578125,780009472,0.0,0.0
2026-03-25 12:00:00+00:00,71705.8359375,71817.859375,71198.8984375,71682.5703125,364318720,0.0,0.0
2026-03-25 13:00:00+00:00,71701.3828125,71907.1953125,71555.296875,71645.2109375,0,0.0,0.0
2026-03-25 14:00:00+00:00,71564.5859375,71626.0703125,71258.9609375,71296.828125,0,0.0,0.0
2026-03-25 15:00:00+00:00,71223.5,71256.4375,70584.640625,70834.3203125,0,0.0,0.0
2026-03-25 16:00:00+00:00,70838.890625,71706.296875,70797.7578125,71291.734375,0,0.0,0.0
2026-03-25 17:00:00+00:00,71303.25,71327.46875,70722.234375,70737.6953125,0,0.0,0.0
2026-03-25 18:00:00+00:00,70745.5390625,71080.75,70732.734375,70758.75,0,0.0,0.0
2026-03-25 19:00:00+00:00,70773.6640625,71024.2890625,70761.7265625,70781.0078125,0,0.0,0.0
2026-03-25 20:00:00+00:00,70849.5,71033.109375,70636.125,70991.0234375,0,0.0,0.0
2026-03-25 21:00:00+00:00,70982.8828125,71135.3046875,70932.6328125,70997.5703125,0,0.0,0.0
2026-03-25 22:00:00+00:00,71007.4453125,71524.359375,70940.5234375,71345.9453125,0,0.0,0.0
2026-03-25 23:00:00+00:00,71353.3203125,71396.9453125,71179.1328125,71317.3515625,0,0.0,0.0
2026-03-26 00:00:00+00:00,71311.6640625,71393.2109375,71148.0390625,71243.4140625,0,0.0,0.0
2026-03-26 01:00:00+00:00,71258.0078125,71312.203125,71153.0078125,71252.234375,0,0.0,0.0
2026-03-26 02:00:00+00:00,71247.9609375,71255.8828125,70717.8671875,70867.078125,225431552,0.0,0.0
2026-03-26 03:00:00+00:00,70880.796875,70945.40625,70675.46875,70864.46875,0,0.0,0.0
2026-03-26 04:00:00+00:00,70860.96875,70874.7890625,70697.3125,70754.3984375,0,0.0,0.0
2026-03-26 05:00:00+00:00,70750.1015625,70750.1015625,69956.7734375,69983.71875,182083584,0.0,0.0
2026-03-26 06:00:00+00:00,69976.6640625,70114.34375,69845.5703125,70077.34375,488939520,0.0,0.0
2026-03-26 07:00:00+00:00,70060.6171875,70109.34375,69805.421875,70076.09375,176820224,0.0,0.0
2026-03-26 08:00:00+00:00,70063.6953125,70077.6953125,69794.609375,69978.7265625,0,0.0,0.0
2026-03-26 09:00:00+00:00,69989.6875,70075.0546875,69383.3671875,69565.8046875,918487040,0.0,0.0
2026-03-26 10:00:00+00:00,69563.9609375,69658.328125,69451.046875,69460.2890625,232046592,0.0,0.0
2026-03-26 11:00:00+00:00,69479.796875,69605.1875,69242.5625,69264.1328125,0,0.0,0.0
2026-03-26 12:00:00+00:00,69255.953125,69421.5703125,69222.3359375,69421.5703125,0,0.0,0.0
2026-03-26 13:00:00+00:00,69414.984375,69826.125,69245.7734375,69518.5390625,414111744,0.0,0.0
2026-03-26 14:00:00+00:00,69600.421875,69750.765625,69293.4375,69506.859375,140247040,0.0,0.0
2026-03-26 15:00:00+00:00,69454.84375,69454.84375,68819.421875,69042.921875,472600576,0.0,0.0
2026-03-26 16:00:00+00:00,69059.0703125,69059.0703125,68808.8984375,68897.984375,0,0.0,0.0
2026-03-26 17:00:00+00:00,68884.6796875,69104.578125,68448.4765625,68448.4765625,0,0.0,0.0
2026-03-26 18:00:00+00:00,68431.0390625,68535.171875,68134.265625,68417.5703125,1961172992,0.0,0.0
2026-03-26 19:00:00+00:00,68435.5078125,68621.546875,68331.015625,68584.140625,164651008,0.0,0.0
2026-03-26 20:00:00+00:00,68510.28125,69281.46875,68413.1796875,68958.2109375,1496965120,0.0,0.0
2026-03-26 21:00:00+00:00,68969.7578125,69130.953125,68864.953125,68926.3828125,475009024,0.0,0.0
2026-03-26 22:00:00+00:00,68884.1171875,68986.375,68605.6484375,68831.703125,0,0.0,0.0
2026-03-26 23:00:00+00:00,68851.03125,68930.9921875,68623.6171875,68772.9375,104534016,0.0,0.0
2026-03-27 00:00:00+00:00,68778.71875,68909.015625,68524.25,68707.9765625,0,0.0,0.0
2026-03-27 01:00:00+00:00,68725.046875,69008.4453125,68668.96875,68999.703125,0,0.0,0.0
2026-03-27 02:00:00+00:00,69009.4296875,69082.3515625,68862.15625,68884.2734375,122109952,0.0,0.0
2026-03-27 03:00:00+00:00,68873.0546875,68873.0546875,68644.6875,68741.234375,188006400,0.0,0.0
2026-03-27 04:00:00+00:00,68729.7890625,68729.7890625,68269.15625,68542.78125,515092480,0.0,0.0
2026-03-27 05:00:00+00:00,68542.09375,68817.0390625,68505.7578125,68582.5859375,0,0.0,0.0
2026-03-27 06:00:00+00:00,68578.9765625,68788.1171875,68546.3046875,68615.8203125,0,0.0,0.0
2026-03-27 07:00:00+00:00,68620.2109375,68907.578125,68418.7265625,68418.7265625,1357963264,0.0,0.0
2026-03-27 08:00:00+00:00,68480.609375,68536.6796875,67616.8203125,67910.8203125,1849540608,0.0,0.0
2026-03-27 09:00:00+00:00,67896.78125,67916.234375,67607.5703125,67670.0234375,0,0.0,0.0
2026-03-27 10:00:00+00:00,67641.8984375,67727.109375,66422.984375,66486.0078125,1919025152,0.0,0.0
2026-03-27 11:00:00+00:00,66460.5390625,66818.1328125,66371.2421875,66668.6796875,1756696576,0.0,0.0
2026-03-27 12:00:00+00:00,66676.8984375,66716.5234375,66414.5625,66590.46875,362377216,0.0,0.0
2026-03-27 13:00:00+00:00,66590.1796875,66672.3125,66064.2578125,66095.171875,850956288,0.0,0.0
2026-03-27 14:00:00+00:00,66139.3671875,66322.46875,65703.7265625,66175.203125,1900404736,0.0,0.0
2026-03-27 15:00:00+00:00,66168.5625,66552.0546875,65953.578125,66089.65625,1187127296,0.0,0.0
2026-03-27 16:00:00+00:00,66075.796875,66086.4375,65794.703125,65933.7421875,576593920,0.0,0.0
2026-03-27 17:00:00+00:00,65952.265625,66232.8984375,65585.15625,65604.5,212033536,0.0,0.0
2026-03-27 18:00:00+00:00,65603.640625,65884.921875,65539.1875,65833.9140625,0,0.0,0.0
2026-03-27 19:00:00+00:00,65817.0703125,66041.453125,65668.4140625,66041.453125,0,0.0,0.0
2026-03-27 20:00:00+00:00,66021.203125,66068.0546875,65795.3515625,65980.7890625,0,0.0,0.0
2026-03-27 21:00:00+00:00,65972.2578125,66124.53125,65972.2578125,66034.46875,0,0.0,0.0
2026-03-27 22:00:00+00:00,66027.5625,66027.7421875,65882.765625,65998.34375,0,0.0,0.0
2026-03-27 23:00:00+00:00,65979.34375,66351.5703125,65937.5546875,66351.5703125,301936640,0.0,0.0
2026-03-28 00:00:00+00:00,66363.4140625,66468.921875,66252.890625,66376.828125,0,0.0,0.0
2026-03-28 01:00:00+00:00,66379.7421875,66379.7421875,66027.359375,66063.234375,0,0.0,0.0
2026-03-28 02:00:00+00:00,66125.5625,66205.796875,65916.359375,66000.3359375,0,0.0,0.0
2026-03-28 03:00:00+00:00,66004.3125,66190.7421875,66004.3125,66167.8359375,0,0.0,0.0
2026-03-28 04:00:00+00:00,66184.3125,66254.578125,66091.3359375,66190.46875,0,0.0,0.0
2026-03-28 05:00:00+00:00,66231.0703125,66318.1640625,66170.484375,66309.6015625,0,0.0,0.0
2026-03-28 06:00:00+00:00,66301.0625,66446.078125,66267.3125,66365.6328125,0,0.0,0.0
2026-03-28 07:00:00+00:00,66372.9765625,66508.2421875,66356.8046875,66508.2421875,0,0.0,0.0
2026-03-28 08:00:00+00:00,66504.671875,66512.9765625,66355.9765625,66355.9765625,0,0.0,0.0
2026-03-28 09:00:00+00:00,66358.8046875,66360.9140625,66215.6796875,66266.0546875,0,0.0,0.0
2026-03-28 10:00:00+00:00,66267.984375,66364.84375,66096.53125,66188.984375,0,0.0,0.0
2026-03-28 11:00:00+00:00,66172.8671875,66316.484375,66172.8671875,66306.5,0,0.0,0.0
2026-03-28 12:00:00+00:00,66298.8515625,66483.078125,66221.578125,66407.1015625,0,0.0,0.0
2026-03-28 13:00:00+00:00,66407.640625,67060.8515625,66386.6640625,66766.0703125,0,0.0,0.0
2026-03-28 14:00:00+00:00,66799.0078125,66897.875,66672.484375,66715.3359375,0,0.0,0.0
2026-03-28 15:00:00+00:00,66710.609375,67201.6484375,66686.9765625,66939.7421875,0,0.0,0.0
2026-03-28 16:00:00+00:00,66980.3828125,67038.5390625,66824.65625,66881.890625,0,0.0,0.0
2026-03-28 17:00:00+00:00,66880.21875,66935.890625,66687.828125,66807.7421875,0,0.0,0.0
2026-03-28 18:00:00+00:00,66804.546875,66900.34375,66804.546875,66886.6171875,0,0.0,0.0
2026-03-28 19:00:00+00:00,66866.6171875,66886.625,66780.21875,66848.3359375,0,0.0,0.0
2026-03-28 20:00:00+00:00,66853.859375,66952.625,66853.859375,66908.625,0,0.0,0.0
2026-03-28 21:00:00+00:00,66889.2578125,66889.2578125,66591.984375,66648.7578125,0,0.0,0.0
2026-03-28 22:00:00+00:00,66645.828125,66732.328125,66550.96875,66693.78125,0,0.0,0.0
2026-03-28 23:00:00+00:00,66701.28125,66701.28125,66253.2265625,66324.1875,0,0.0,0.0
2026-03-29 00:00:00+00:00,66331.703125,66438.765625,66259.4921875,66412.140625,0,0.0,0.0
2026-03-29 01:00:00+00:00,66433.6640625,66539.84375,66341.3125,66514.4921875,0,0.0,0.0
2026-03-29 02:00:00+00:00,66516.7578125,66765.59375,66510.9609375,66732.2578125,0,0.0,0.0
2026-03-29 03:00:00+00:00,66747.0859375,67000.8125,66720.859375,66851.75,467705856,0.0,0.0
2026-03-29 04:00:00+00:00,66850.796875,66876.4609375,66687.3203125,66687.3203125,0,0.0,0.0
2026-03-29 05:00:00+00:00,66682.03125,66750.3203125,66565.4375,66732.3125,0,0.0,0.0
2026-03-29 06:00:00+00:00,66732.8359375,66810.890625,66592.71875,66689.59375,0,0.0,0.0
2026-03-29 07:00:00+00:00,66687.859375,66687.859375,66507.3359375,66647.484375,0,0.0,0.0
2026-03-29 08:00:00+00:00,66614.203125,66691.4453125,66574.2890625,66668.8125,0,0.0,0.0
2026-03-29 09:00:00+00:00,66668.53125,66696.4140625,66511.2890625,66572.8046875,0,0.0,0.0
2026-03-29 10:00:00+00:00,66578.4765625,66578.4765625,66390.203125,66463.203125,155119616,0.0,0.0
2026-03-29 11:00:00+00:00,66461.15625,66867.734375,66461.15625,66766.0078125,233811968,0.0,0.0
2026-03-29 12:00:00+00:00,66770.6484375,66806.3046875,66656.234375,66785.875,90222592,0.0,0.0
2026-03-29 13:00:00+00:00,66792.5234375,66792.5234375,66499.4921875,66500.6015625,0,0.0,0.0
2026-03-29 14:00:00+00:00,66518.8203125,66659.984375,66437.7265625,66518.265625,0,0.0,0.0
2026-03-29 15:00:00+00:00,66533.1875,66654.0078125,66308.6015625,66467.59375,0,0.0,0.0
2026-03-29 16:00:00+00:00,66464.84375,66590.9609375,66392.6640625,66449.625,0,0.0,0.0
2026-03-29 17:00:00+00:00,66443.671875,66475.109375,66136.609375,66329.515625,0,0.0,0.0
2026-03-29 18:00:00+00:00,66328.7109375,66449.1171875,66281.7265625,66368.765625,0,0.0,0.0
2026-03-29 19:00:00+00:00,66370.5,66415.1640625,66290.3046875,66290.3046875,224741376,0.0,0.0
2026-03-29 20:00:00+00:00,66294.15625,66710.8046875,66294.15625,66540.9609375,158541824,0.0,0.0
2026-03-29 21:00:00+00:00,66557.625,66693.1015625,66486.296875,66677.4140625,105584640,0.0,0.0
2026-03-29 22:00:00+00:00,66672.9296875,66672.9296875,65036.53125,65802.9296875,1888307200,0.0,0.0
2026-03-29 23:00:00+00:00,65802.6875,66180.78125,65802.6875,65973.1328125,1738020864,0.0,0.0
2026-03-30 00:00:00+00:00,65957.6015625,66876.328125,65773.0546875,66259.03125,1248913408,0.0,0.0
2026-03-30 01:00:00+00:00,66234.484375,66751.1875,66234.484375,66585.34375,540108800,0.0,0.0
2026-03-30 02:00:00+00:00,66579.6796875,67286.265625,66550.625,67039.9296875,970250240,0.0,0.0
2026-03-30 03:00:00+00:00,67087.5078125,67224.9609375,66934.859375,67106.546875,993060864,0.0,0.0
2026-03-30 04:00:00+00:00,67091.390625,67561.2578125,67091.390625,67541.890625,1237766144,0.0,0.0
2026-03-30 05:00:00+00:00,67559.140625,67655.2265625,67402.3515625,67476.421875,799993856,0.0,0.0
2026-03-30 06:00:00+00:00,67452.453125,67517.578125,67246.5546875,67274.3828125,764342272,0.0,0.0
2026-03-30 07:00:00+00:00,67252.828125,67512.0078125,67193.8203125,67502.453125,364709888,0.0,0.0
2026-03-30 08:00:00+00:00,67554.953125,67830.078125,67554.953125,67619.65625,1900691456,0.0,0.0
2026-03-30 09:00:00+00:00,67616.3671875,67621.3125,67415.8359375,67453.9765625,876087296,0.0,0.0
2026-03-30 10:00:00+00:00,67448.46875,67465.34375,67341.5859375,67438.390625,31676416,0.0,0.0
2026-03-30 11:00:00+00:00,67443.2265625,67840.6015625,67443.2265625,67602.984375,788334592,0.0,0.0
2026-03-30 12:00:00+00:00,67624.53125,67919.5078125,67615.203125,67863.6015625,731158528,0.0,0.0
2026-03-30 13:00:00+00:00,67853.6953125,68069.59375,67478.3203125,67478.3203125,1306716160,0.0,0.0
2026-03-30 14:00:00+00:00,67461.21875,67811.078125,67099.046875,67757.8203125,1602723840,0.0,0.0
2026-03-30 15:00:00+00:00,67753.5625,67823.1171875,67398.2109375,67578.46875,1083797504,0.0,0.0
2026-03-30 16:00:00+00:00,67587.203125,67587.203125,67220.7421875,67274.59375,545058816,0.0,0.0
2026-03-30 17:00:00+00:00,67303.3203125,67375.0390625,66664.7890625,66727.1640625,1078489088,0.0,0.0
2026-03-30 18:00:00+00:00,66764.703125,66823.0625,66468.46875,66535.0078125,900239360,0.0,0.0
2026-03-30 19:00:00+00:00,66594.2734375,66594.2734375,66211.5234375,66424.765625,779100160,0.0,0.0
2026-03-30 20:00:00+00:00,66480.578125,66617.78125,66480.578125,66608.578125,284151808,0.0,0.0
2026-03-30 21:00:00+00:00,66594.25,66930.125,66550.0234375,66763.3046875,1011724288,0.0,0.0
2026-03-30 22:00:00+00:00,66758.3671875,66928.9453125,66650.421875,66739.3828125,0,0.0,0.0
2026-03-30 23:00:00+00:00,66735.6875,66735.6875,66378.109375,66691.9140625,0,0.0,0.0
2026-03-31 00:00:00+00:00,66727.5234375,67225.8984375,66507.421875,67084.796875,0,0.0,0.0
2026-03-31 01:00:00+00:00,67140.5390625,68292.8125,67021.2109375,67933.984375,1710804992,0.0,0.0
2026-03-31 02:00:00+00:00,67901.2578125,68028.9375,67765.625,67948.859375,0,0.0,0.0
2026-03-31 03:00:00+00:00,67932.046875,67949.8671875,67610.25,67651.0625,0,0.0,0.0
2026-03-31 04:00:00+00:00,67653.84375,67788.0078125,67471.7109375,67482.0234375,0,0.0,0.0
2026-03-31 05:00:00+00:00,67489.15625,67713.53125,67362.265625,67622.9765625,0,0.0,0.0
2026-03-31 06:00:00+00:00,67632.703125,67632.703125,67316.7109375,67456.2890625,42102784,0.0,0.0
2026-03-31 07:00:00+00:00,67439.3359375,67451.171875,67084.0625,67316.1640625,878780416,0.0,0.0
2026-03-31 08:00:00+00:00,67315.796875,67433.5546875,66732.75,66766.40625,0,0.0,0.0
2026-03-31 09:00:00+00:00,66738.4765625,66827.4765625,65980.9765625,66037.6875,953315328,0.0,0.0
2026-03-31 10:00:00+00:00,66107.5078125,66398.21875,66092.1796875,66294.359375,969719808,0.0,0.0
2026-03-31 11:00:00+00:00,66305.7109375,66778.96875,66202.2109375,66638.390625,507084800,0.0,0.0
2026-03-31 12:00:00+00:00,66629.9375,66861.7421875,66490.625,66617.140625,448180224,0.0,0.0
2026-03-31 13:00:00+00:00,66630.609375,67321.1328125,66630.609375,67197.9765625,0,0.0,0.0
2026-03-31 14:00:00+00:00,67202.6015625,67667.7421875,66478.3984375,66552.484375,325591040,0.0,0.0
2026-03-31 15:00:00+00:00,66609.2734375,67210.8828125,66609.2734375,66695.515625,343322624,0.0,0.0
2026-03-31 16:00:00+00:00,66753.0078125,67924.3515625,66732.5,67551.109375,1145847808,0.0,0.0
2026-03-31 17:00:00+00:00,67590.2265625,68399.34375,67396.1328125,67426.0546875,1588404224,0.0,0.0
2026-03-31 18:00:00+00:00,67461.6953125,67873.828125,67461.6953125,67720.03125,0,0.0,0.0
2026-03-31 19:00:00+00:00,67788.4375,67953.578125,67701.6328125,67760.78125,317972480,0.0,0.0
2026-03-31 20:00:00+00:00,67817.828125,68184.640625,67817.828125,68184.640625,281108480,0.0,0.0
2026-03-31 21:00:00+00:00,68192.359375,68309.3203125,67852.984375,68185.9765625,101736448,0.0,0.0
2026-03-31 22:00:00+00:00,68219.96875,68231.4765625,67956.28125,68148.875,577847296,0.0,0.0
2026-03-31 23:00:00+00:00,68135.40625,68299.4375,68043.8828125,68211.078125,0,0.0,0.0
2026-04-01 00:00:00+00:00,68224.46875,68232.4765625,67823.25,68230.671875,0,0.0,0.0
2026-04-01 01:00:00+00:00,68245.1171875,68270.3046875,67744.7734375,67745.234375,0,0.0,0.0
2026-04-01 02:00:00+00:00,67733.984375,67843.6796875,67565.3984375,67588.2421875,1002680320,0.0,0.0
2026-04-01 03:00:00+00:00,67599.8046875,68151.8671875,67599.8046875,68083.9375,372232192,0.0,0.0
2026-04-01 04:00:00+00:00,68097.21875,68294.9140625,68001.984375,68231.046875,0,0.0,0.0
2026-04-01 05:00:00+00:00,68251.6484375,68650.8515625,68114.7265625,68399.7578125,316989440,0.0,0.0
2026-04-01 06:00:00+00:00,68401.53125,69160.7578125,68401.53125,69125.265625,785043456,0.0,0.0
2026-04-01 07:00:00+00:00,69079.140625,69204.46875,68651.3828125,68651.3828125,300101632,0.0,0.0
2026-04-01 08:00:00+00:00,68654.0,68809.0859375,68467.265625,68671.5390625,244490240,0.0,0.0
2026-04-01 09:00:00+00:00,68636.90625,68690.46875,68368.171875,68618.8515625,0,0.0,0.0
2026-04-01 10:00:00+00:00,68620.6328125,68629.75,68404.09375,68496.25,367706112,0.0,0.0
2026-04-01 11:00:00+00:00,68539.9140625,68696.3515625,68488.0390625,68687.2265625,0,0.0,0.0
2026-04-01 12:00:00+00:00,68687.5546875,68687.5546875,68291.765625,68334.515625,610938880,0.0,0.0
2026-04-01 13:00:00+00:00,68346.671875,68558.5703125,67969.1171875,68154.0546875,26525696,0.0,0.0
2026-04-01 14:00:00+00:00,68082.6953125,68607.71875,68054.28125,68581.8125,0,0.0,0.0
2026-04-01 15:00:00+00:00,68579.0390625,68915.3125,68426.890625,68915.3125,0,0.0,0.0
2026-04-01 16:00:00+00:00,68884.7578125,68923.234375,68617.0703125,68792.8515625,0,0.0,0.0
2026-04-01 17:00:00+00:00,68801.203125,69104.828125,68238.046875,68238.046875,0,0.0,0.0
2026-04-01 18:00:00+00:00,68238.0390625,68258.8828125,67981.9140625,68006.453125,228315136,0.0,0.0
2026-04-01 19:00:00+00:00,68054.734375,68249.8125,68034.3984375,68152.3203125,1232896,0.0,0.0
2026-04-01 20:00:00+00:00,68129.8046875,68226.4609375,67985.3671875,68173.234375,0,0.0,0.0
2026-04-01 21:00:00+00:00,68171.5,68485.8671875,68169.2421875,68421.5859375,0,0.0,0.0
2026-04-01 22:00:00+00:00,68375.8828125,68375.8828125,68075.5625,68104.0859375,0,0.0,0.0
2026-04-01 23:00:00+00:00,68109.8203125,68225.453125,67999.71875,68071.5625,0,0.0,0.0
2026-04-02 00:00:00+00:00,68095.265625,68633.1484375,68052.53125,68590.65625,0,0.0,0.0
2026-04-02 01:00:00+00:00,68588.5390625,68588.5390625,67099.5390625,67328.8203125,1548025856,0.0,0.0
2026-04-02 02:00:00+00:00,67334.1875,67334.1875,66686.6796875,66880.640625,910004224,0.0,0.0
2026-04-02 03:00:00+00:00,66862.453125,66937.0,66506.125,66570.546875,399069184,0.0,0.0
2026-04-02 04:00:00+00:00,66566.046875,66624.515625,66230.2421875,66318.2578125,313384960,0.0,0.0
2026-04-02 05:00:00+00:00,66311.9140625,66608.3984375,66308.21875,66595.1875,55910400,0.0,0.0
2026-04-02 06:00:00+00:00,66585.09375,66743.8515625,66543.484375,66641.453125,0,0.0,0.0
2026-04-02 07:00:00+00:00,66656.6328125,66915.609375,66544.8671875,66915.609375,0,0.0,0.0
2026-04-02 08:00:00+00:00,66908.1484375,66908.1484375,66445.2734375,66445.2734375,0,0.0,0.0
2026-04-02 09:00:00+00:00,66433.671875,66482.453125,66301.4765625,66420.6640625,182439936,0.0,0.0
2026-04-02 10:00:00+00:00,66443.3046875,66466.609375,66225.1875,66438.7265625,382697472,0.0,0.0
